Username,Password,First Name,Last Name,Email Address
mdubuque,oqovh2v,Manly,DuBuque,mdubuque@example.com
bmurazik,zxv1mcxfie,Brennen,Murazik,bmurazik@example.com
wmosciski,6ftear0xb,Wash,Mosciski,wmosciski@example.com
aframi,0vazjyhskim,Aryana,Frami,aframi@example.com
ajerde,aorybfbk2w,Aubree,Jerde,ajerde@example.com
lhalvorson,wfmpruhgu,Lex,Halvorson,lhalvorson@example.com
vbins,wr3ukamjb,Vanesa,Bins,vbins@example.com
sflatley,sgmfwnnuc,Skyler,Flatley,sflatley@example.com
phirthe,roebyceou,Penny,Hirthe,phirthe@example.com
ihilll,wdwppriitc,Iris,Hilll,ihilll@example.com
rrunte,z7jdciwdxfw,Roxy,Runte,rrunte@example.com
cblick,prfbmops,Christina,Blick,cblick@example.com
wschiller,aafzpdpj,Warner,Schiller,wschiller@example.com
nmayer,dtgvccy,Nicky,Mayer,nmayer@example.com
vadams,mnlmjj4shmd,Vicky,Adams,vadams@example.com
bjohnston,8t6xuburny,Bush,Johnston,bjohnston@example.com
ilehner,lhnmtcwe,Isobel,Lehner,ilehner@example.com
aruecker,4zzmqmacbp,Alene,Ruecker,aruecker@example.com
gmckenzie,pomd0gozfd,Giada,McKenzie,gmckenzie@example.com
lkuvalis,2bpy2f16,Lyndsey,Kuvalis,lkuvalis@example.com
jemard,rr93jwdoxn,Jasmyne,Emard,jemard@example.com
fgorczany,fngsbamaij,Felisha,Gorczany,fgorczany@example.com
sshields,kfsmwqwxbg,Sanford,Shields,sshields@example.com
cauer,yirfcngxqmw,Cedrick,Auer,cauer@example.com
jstoltenberg,kmntggbk1y,Jarred,Stoltenberg,jstoltenberg@example.com
vpagac,qausvjrnfcq,Vella,Pagac,vpagac@example.com
ckeebler,kncqenipzp,Cleora,Keebler,ckeebler@example.com
smonahan,pbbessgtu40,Sherrill,Monahan,smonahan@example.com
amccullough,cakjpkylrjm,Arlie,McCullough,amccullough@example.com
mrogahn,cdacwxbjxaz,Meta,Rogahn,mrogahn@example.com
wfranecki,ynoudorkiq,Wendell,Franecki,wfranecki@example.com
keichmann,73aoelqgwg,Karri,Eichmann,keichmann@example.com
dgrant,deirg5kmuqj,Dovie,Grant,dgrant@example.com
mfay,fnkpzsjldv,Magan,Fay,mfay@example.com
mhahn,epkxsklu7uc,Manie,Hahn,mhahn@example.com
vblick,blw7yipjf,Villa,Blick,vblick@example.com
mraynor,glacvy5fghq,Margarett,Raynor,mraynor@example.com
iyost,zyjzt5g,Itzel,Yost,iyost@example.com
dblick,6ij7yaf,Deacon,Blick,dblick@example.com
fheaney,lxmbg7dg6db,Forest,Heaney,fheaney@example.com
cgreenfelder,dyhl0ad,Charity,Greenfelder,cgreenfelder@example.com
twaelchi,5rl5jawdo0u,Tim,Waelchi,twaelchi@example.com
orath,o0uoetxut,Oley,Rath,orath@example.com
akertzmann,nbabpkeqpgf,Admiral,Kertzmann,akertzmann@example.com
banderson,skoijnqtz,Brooklyn,Anderson,banderson@example.com
cdavis,yqfvqccn9v,Campbell,Davis,cdavis@example.com
yrunte,frvfuvvz,Yadiel,Runte,yrunte@example.com
whills,rstl72bnm,Wade,Hills,whills@example.com
ikohler,ryjwjugyvkg,Ivy,Kohler,ikohler@example.com
bsimonis,iukppdmz5yf,Buster,Simonis,bsimonis@example.com
cmante,octebx4fg,Candace,Mante,cmante@example.com
nziemann,zollonov,Noble,Ziemann,nziemann@example.com
rpfannerstill,vshbkjn2,Rozanne,Pfannerstill,rpfannerstill@example.com
mherman,tbmbmmdzf,Mavis,Herman,mherman@example.com
edibbert,nk8cfaccr,Elana,Dibbert,edibbert@example.com
vhowell,2gxmef2m,Verdell,Howell,vhowell@example.com
zbergstrom,pamcmpnxn,Zoa,Bergstrom,zbergstrom@example.com
hkutch,qbnlozk,Haskell,Kutch,hkutch@example.com
srobel,6nrufxnhi,Shyla,Robel,srobel@example.com
rlarson,glxvktxfegw,Rolanda,Larson,rlarson@example.com
dcollier,crwjigzmcur,Dessa,Collier,dcollier@example.com
fmurazik,gl9pnz1n,Franc,Murazik,fmurazik@example.com
ldoyle,ou81micmljk,Love,Doyle,ldoyle@example.com
stowne,icodujw,Son,Towne,stowne@example.com
jjaskolski,eklxoprs,Jimena,Jaskolski,jjaskolski@example.com
pkutch,ylrihsvqo,Perry,Kutch,pkutch@example.com
lcasper,ioqsqqkkq,Lady,Casper,lcasper@example.com
jgerlach,edbkmjcrww,Janel,Gerlach,jgerlach@example.com
mkoch,czbzhbv8v,Mckinley,Koch,mkoch@example.com
ogoodwin,ymygwwdr,Otis,Goodwin,ogoodwin@example.com
vmarvin,bmsbmun,Versie,Marvin,vmarvin@example.com
amcclure,hdg1qnxkytk,Adah,McClure,amcclure@example.com
rkub,fa8kuyc,Rick,Kub,rkub@example.com
tbartell,xubxe2pdjac,Terrill,Bartell,tbartell@example.com
chauck,blycodktll,Crysta,Hauck,chauck@example.com
mhuels,rdzaw9gnio,Mackenzie,Huels,mhuels@example.com
cklein,3xrmsozm0,Constance,Klein,cklein@example.com
qbeer,2yicjnuubgl,Qiana,Beer,qbeer@example.com
eratke,lxuofsbrxs,Elissa,Ratke,eratke@example.com
ocarroll,tnwircyu,Olevia,Carroll,ocarroll@example.com
jborer,v1gegoe,Jameel,Borer,jborer@example.com
cstoltenberg,efkjrpb,Clarance,Stoltenberg,cstoltenberg@example.com
cgreen,fzbqjthn,Carolyne,Green,cgreen@example.com
gwill,oppxmrni,Gidget,Will,gwill@example.com
alubowitz,tdocwqlyz,Amaris,Lubowitz,alubowitz@example.com
cabshire,ylfcisc,Channing,Abshire,cabshire@example.com
gparker,uvbxvj1jn,Grisel,Parker,gparker@example.com
dhuel,ernanhtmure,Deryl,Huel,dhuel@example.com
shermiston,fycrsqxpidf,Sherrie,Hermiston,shermiston@example.com
ereichert,izcet5umq,Evette,Reichert,ereichert@example.com
jeffertz,pxkq9ml,Jaylene,Effertz,jeffertz@example.com
sjohnston,ttrfdede,Sara,Johnston,sjohnston@example.com
aturcotte,b5snuagv,Arra,Turcotte,aturcotte@example.com
dabshire,hfijpmiygy,Demetric,Abshire,dabshire@example.com
jhoeger,jq9kkvb,Josefina,Hoeger,jhoeger@example.com
dcartwright,esxqel62z,Desean,Cartwright,dcartwright@example.com
cboyle,jcbsecpkeoc,Carson,Boyle,cboyle@example.com
tlabadie,z8jynyi,Tessie,Labadie,tlabadie@example.com
dlowe,ewihgfpldy,Derrick,Lowe,dlowe@example.com
xschuppe,1xmwelvl,Xena,Schuppe,xschuppe@example.com
